{
  "steps": [
    {
      "ts": "2025-09-30T10:42:17.769449Z",
      "event": "verify",
      "pass": false
    },
    {
      "ts": "2025-09-30T10:44:28.807426Z",
      "event": "verify",
      "pass": false
    },
    {
      "ts": "2025-09-30T10:44:39.764394Z",
      "event": "verify",
      "pass": false
    },
    {
      "ts": "2025-09-30T10:44:47.903768Z",
      "event": "verify",
      "pass": false
    },
    {
      "ts": "2025-09-30T10:44:53.380033Z",
      "event": "verify",
      "pass": true
    },
    {
      "ts": "2025-09-30T10:45:00.514668Z",
      "event": "verify",
      "pass": true
    },
    {
      "ts": "2025-09-30T10:50:49.912755Z",
      "event": "verify",
      "pass": true
    }
  ],
  "started_at": "2025-09-30T10:42:17.769449Z",
  "completed_at": "2025-09-30T10:50:49.912755Z"
}