{
  "steps": [
    {
      "ts": "2025-09-30T10:42:17.769449Z",
      "event": "verify",
      "pass": false
    },
    {
      "ts": "2025-09-30T10:44:28.807426Z",
      "event": "verify",
      "pass": false
    },
    {
      "ts": "2025-09-30T10:44:39.764394Z",
      "event": "verify",
      "pass": false
    },
    {
      "ts": "2025-09-30T10:44:47.903768Z",
      "event": "verify",
      "pass": false
    },
    {
      "ts": "2025-09-30T10:44:53.380033Z",
      "event": "verify",
      "pass": true
    },
    {
      "ts": "2025-09-30T10:45:00.514668Z",
      "event": "verify",
      "pass": true
    },
    {
      "ts": "2025-09-30T10:50:49.912755Z",
      "event": "verify",
      "pass": true
    },
    {
      "ts": "2025-09-30T11:06:22.841040Z",
      "event": "verify",
      "pass": false
    },
    {
      "ts": "2025-09-30T11:39:03.284117Z",
      "event": "verify",
      "pass": true
    },
    {
      "ts": "2025-09-30T11:40:01.089999Z",
      "event": "verify",
      "pass": true
    },
    {
      "ts": "2025-09-30T11:48:02.312466Z",
      "event": "verify",
      "pass": true
    },
    {
      "ts": "2025-09-30T11:52:30.718069Z",
      "event": "verify",
      "pass": true
    },
    {
      "ts": "2025-09-30T11:52:39.157136Z",
      "event": "verify",
      "pass": false
    },
    {
      "ts": "2025-09-30T11:52:43.668797Z",
      "event": "verify",
      "pass": false
    },
    {
      "ts": "2025-09-30T11:54:35.180221Z",
      "event": "verify",
      "pass": false
    }
  ],
  "started_at": "2025-09-30T10:42:17.769449Z",
  "completed_at": "2025-09-30T11:52:30.718069Z"
}