{
  "timestamp": "2025-09-30T10:50:49.912755Z",
  "checks": [
    {
      "name": "artifacts_exist",
      "ok": true,
      "reason": "All required artifacts present"
    },
    {
      "name": "latency_summary_parse",
      "ok": true,
      "reason": "Successfully parsed latency metrics"
    },
    {
      "name": "quantization_report_exists",
      "ok": true,
      "reason": "Quantization report exists"
    },
    {
      "name": "quant_speedup_or_fallback",
      "ok": true,
      "reason": "INT8 quantization failed - fallback accepted"
    },
    {
      "name": "evaluation_reports_exist",
      "ok": true,
      "reason": "Evaluation reports present"
    }
  ],
  "metrics": {
    "latency": {
      "p50": 0.501,
      "p95": 1.168,
      "mean": 0.64,
      "std": 0.621
    }
  },
  "pass": true
}